Iteration No,Actual Path Length,Path Travelled
1,0.3884513745633347,0.32044627587287416
2,0.39351368817800836,0.2970474968058413
3,0.47763135133944357,0.3771513043152244
