Iteration No,Actual Path Length,Path Travelled
1,2.137903695317338,2.1331111742056397
2,0.6740818960011955,0.633281011724593
3,5.706775758450281,3.7929403129374646
4,6.2009006324751965,6.146944891466801
5,5.032525485694961,5.169671777175244
