Iteration No,Actual Path Length,Path Travelled
1,3.6713768557195516,3.4227007731721297
2,1.1249796568480146,1.1714154354172581
