Iteration No,Actual Path Length,Path Travelled
1,0.4701731365297394,0.42802421820210534
2,2.813782683560037,2.7761785192037585
3,4.7945574646932325,4.127734397788757
4,2.4492593931623086,2.430148056676941
5,5.033511458498694,4.9153343577005035
