Iteration No,Actual Path Length,Path Travelled
1,0.4161111553239435,0.2872110391358718
2,1.8862132157404685,1.3634218906328153
3,0.40348191282568346,0.4205350934141487
