Iteration No,Actual Path Length,Path Travelled
1,0.6819164697324333,0.7010630114777221
2,6.36265436448504,6.160391598881978
3,2.3626640766491547,2.2405393535521547
4,1.1078265064936972,1.1080284860182696
5,8.73538754770171,12.237382405135303
