Iteration No,Actual Path Length,Path Travelled
1,0.4421341107089084,0.29396999788218253
2,0.6483708051138852,0.5597103487030971
3,0.5648962104818326,0.5268673143115158
