Iteration No,Actual Path Length,Path Travelled
1,2.877518573969578,2.9178640332862953
2,1.5423135815676405,1.6424181612901352
3,4.792501214488184,5.369055403148617
4,2.5200156429056317,2.4433923760779654
5,6.942327413348233,7.658297063672983
