Iteration No,Actual Path Length,Path Travelled
1,1.0121136072418138,1.0472686023757836
2,5.110216053132637,5.113906247789227
3,1.6049834745806901,1.4737786707023215
4,2.4712966693542056,2.352455556840853
5,4.675262322300293,4.31998402988982
