Iteration No,Actual Path Length,Path Travelled
1,0.8534160316726851,0.9778560083567835
2,1.0924218157682952,1.0470163118078075
