Iteration No,Actual Path Length,Path Travelled
1,1.5634767073553328,0.4303668475308988
2,0.5836939085795847,0.588426291058146
3,0.5897356700028511,0.49404304390224896
